Odds,CILow,CIHigh,Model
-1.7514166875715,-1.96701555598699,-1.535817819156,Mother herself preterm
-1.4613373115603,-1.8806122167478,-1.04206240637279,Maternal sister born preterm
-0.627707298454488,-0.856263998234262,-0.399150598674714,Father himself preterm
