Parity,Beta,CILow,CIHigh,Model
Parity 0,-2.65520299902683,-3.0416914263382,-2.26871457171545,Maternal sister given birth preterm
Parity 1,-1.35961143165495,-1.67446693853504,-1.04475592477486,Maternal sister given birth preterm
Parity 2,-1.64781577355719,-2.2086470186266,-1.08698452848778,Maternal sister given birth preterm
Parity ≥ 3,-0.498209401148438,-1.55375637545086,0.557337573153986,Maternal sister given birth preterm
